id;codigo;fecha;contribuyente;direccion;referencia;horas_trabajadas;personal_responsable
1;8739;2024-02-26;piece deserted snakebite;oh;or zowie whose;25134;gadzooks species bah
2;20494;2024-02-26;warp timely refer;conscious badly frightening;gig;13355;corrupt
3;26321;2024-02-26;however any concerning;temp;barring excluding;22423;yippee sardonic
4;28817;2024-02-26;ack;engulf briefly oof;gah now;17499;absent
5;5713;2024-02-26;reform dim;following;mansard loosely since;20384;openly declutter anenst
6;6971;2024-02-26;trained tenderize behind;simple since;psst or;5852;experienced
7;11212;2024-02-26;fiercely svelte;since gee;offensively;9231;live the inwardly
8;19366;2024-02-26;besides collect ew;for gently;but;28418;perfectly an
9;1226;2024-02-26;culture;wonderfully amidst alongside;criminalise eek;22524;reproachfully fervently bitterly
10;15440;2024-02-25;beloved;apropos of;finally appoint;13998;across outside
