id;codigo;detalle_necesidad;fecha
1;vacantly altruistic phooey;huzzah deafening stealthily;2024-02-25
2;vice instead;till ouch vicious;2024-02-25
3;weaponize;huzzah warrior alongside;2024-02-25
4;by colorfully lard;tusk tense ford;2024-02-26
5;drat;fond yuck sunset;2024-02-26
6;oof shoulder versus;if sentiment selfishly;2024-02-25
7;trillion contextualize loop;preregister along;2024-02-26
8;equally consequently trout;chubby healthily;2024-02-26
9;formulate amongst meaningfully;balcony positively;2024-02-25
10;which abaft hmph;duh radish shrilly;2024-02-26
