id;identificacion;primer_apellido;segundo_apellido;primer_nombre;segundo_nombre;celular;telefono_convencional;correo;tipo_identificacion_id
1;unzip;how claw;for deprive gah;importance even deafening;melt nonstop;incompatible vase;self-confidence;itchy decimal which;1
2;drat upbeat sough;flimsy;across;ew though creative;why rigidly;making;yearly even;grandiose wade ew;2
3;past dark wee;unexpectedly besides;phony;cuckoo yum;weary;acclimatise um;urgently;spherical indeed deeply;3
4;for energetically;unless lovingly round;but regarding bountiful;for;eventually severe whoa;flippant politely insidious;bite-sized;however;4
5;er;haunting per oh;equally joyfully carp;solemnly glamorous;across meanwhile;ouch jubilantly;resize uh-huh um;rosy if um;5
6;suspiciously fooey buzzing;innocently which remunerate;constant capitalize;afore woot;till;via;tan over bolt;as;6
7;tired salaam;how;petitioner ouch smooth;snub;commercialize footstool;ferociously far yearningly;decent jovially;fatally;7
8;oof wicked;plain;intrepid;unfortunately swift yippee;as;boastfully murky bicycle;except;simplistic swiftly;8
9;amid hm than;amid;yum intently when;towards sympathetic;physically ouch for;by round;mockingly marshal primary;physically ugh;9
10;until yowza for;daily frigid;joyous boldly;clueless failing driving;gah next past;which;summon mmm recreate;gently righteously;10
